#node1	node2	node1_string_id	node2_string_id	neighborhood_on_chromosome	gene_fusion	phylogenetic_cooccurrence	homology	coexpression	experimentally_determined_interaction	database_annotated	automated_textmining	combined_score
AACS_0	XP_008593926.1	176275.XP_008597056.1	176275.XP_008593926.1	0.047	0	0	0	0.140	0.060	0.263	0.154	0.432
AACS_0	mmgB	176275.XP_008597056.1	176275.XP_008595822.1	0.045	0	0	0	0.128	0	0.977	0.095	0.980
AACS_0	AACS_1	176275.XP_008597056.1	176275.XP_008596003.1	0	0	0.480	0.849	0	0	0.977	0	0.978
AACS_0	CYB2_0	176275.XP_008597056.1	176275.XP_008600199.1	0.044	0	0	0	0.118	0	0.195	0.243	0.417
AACS_0	ACHE	176275.XP_008597056.1	176275.XP_008602606.1	0.046	0	0	0	0.118	0	0.195	0.243	0.418
AACS_0	betB	176275.XP_008597056.1	176275.XP_008598337.1	0.047	0	0	0	0.140	0.060	0.263	0.154	0.432
AACS_0	ACOX1	176275.XP_008597056.1	176275.XP_008601964.1	0	0	0	0	0.103	0	0.280	0.326	0.526
AACS_0	carD	176275.XP_008597056.1	176275.XP_008598050.1	0.047	0	0	0	0.140	0.060	0.301	0.259	0.528
AACS_0	HPGD_0	176275.XP_008597056.1	176275.XP_008598925.1	0	0	0	0	0.046	0	0.935	0.059	0.936
AACS_0	OXCT1_0	176275.XP_008597056.1	176275.XP_008598047.1	0.069	0	0	0	0.044	0	0.968	0.137	0.972
AACS_1	XP_008593926.1	176275.XP_008596003.1	176275.XP_008593926.1	0.047	0	0	0	0.140	0.060	0.263	0.154	0.432
AACS_1	mmgB	176275.XP_008596003.1	176275.XP_008595822.1	0.045	0	0	0	0.128	0	0.977	0.095	0.980
AACS_1	CYB2_0	176275.XP_008596003.1	176275.XP_008600199.1	0.044	0	0	0	0.118	0	0.195	0.243	0.417
AACS_1	ACHE	176275.XP_008596003.1	176275.XP_008602606.1	0.046	0	0	0	0.118	0	0.195	0.243	0.418
AACS_1	betB	176275.XP_008596003.1	176275.XP_008598337.1	0.047	0	0	0	0.140	0.060	0.263	0.154	0.432
AACS_1	ACOX1	176275.XP_008596003.1	176275.XP_008601964.1	0	0	0	0	0.103	0	0.280	0.326	0.526
AACS_1	carD	176275.XP_008596003.1	176275.XP_008598050.1	0.047	0	0	0	0.140	0.060	0.301	0.259	0.528
AACS_1	HPGD_0	176275.XP_008596003.1	176275.XP_008598925.1	0	0	0	0	0.046	0	0.935	0.059	0.936
AACS_1	OXCT1_0	176275.XP_008596003.1	176275.XP_008598047.1	0.069	0	0	0	0.044	0	0.977	0.137	0.979
ACAD11_1	ECH2	176275.XP_008595956.1	176275.XP_008594271.1	0.086	0	0	0	0.187	0	0.259	0.363	0.602
ACAD11_1	fox-2	176275.XP_008595956.1	176275.XP_008594676.1	0.086	0	0	0	0.193	0	0.259	0.363	0.605
ACAD11_1	ACADVL	176275.XP_008595956.1	176275.XP_008601775.1	0.057	0	0	0.562	0.129	0.148	0.176	0.432	0.462
ACAD11_1	OXCT1_0	176275.XP_008595956.1	176275.XP_008598047.1	0.046	0	0	0	0	0.486	0	0	0.488
ACAD11_1	acdh-11_1	176275.XP_008595956.1	176275.XP_008599108.1	0.057	0	0	0	0.102	0.148	0.176	0.325	0.525
ACAD11_1	mmgC_1	176275.XP_008595956.1	176275.XP_008598202.1	0.057	0	0	0.568	0.127	0.148	0.375	0.518	0.609
ACAD11_1	ACOX1	176275.XP_008595956.1	176275.XP_008601964.1	0.057	0	0	0	0.121	0.236	0.966	0.073	0.976
ACADVL	ECH2	176275.XP_008601775.1	176275.XP_008594271.1	0.061	0	0	0	0.231	0.105	0.233	0.127	0.488
ACADVL	fox-2	176275.XP_008601775.1	176275.XP_008594676.1	0.061	0	0	0	0.231	0.105	0.233	0.127	0.488
ACADVL	XP_008594708.1	176275.XP_008601775.1	176275.XP_008594708.1	0.047	0	0	0	0.140	0.146	0.248	0.127	0.456
ACADVL	mmgB	176275.XP_008601775.1	176275.XP_008595822.1	0.058	0	0	0	0.134	0.149	0.221	0.144	0.452
ACADVL	MET5	176275.XP_008601775.1	176275.XP_008596556.1	0	0	0	0	0.088	0.058	0.299	0.134	0.408
ACADVL	mmgC_1	176275.XP_008601775.1	176275.XP_008598202.1	0	0	0.467	0.884	0.139	0.148	0.221	0.377	0.434
ACADVL	XP_008598458.1	176275.XP_008601775.1	176275.XP_008598458.1	0.047	0	0	0	0.524	0	0.249	0	0.629
ACADVL	cat-1	176275.XP_008601775.1	176275.XP_008599505.1	0.047	0	0	0	0.119	0.148	0.200	0.175	0.441
ACADVL	CYP505	176275.XP_008601775.1	176275.XP_008600192.1	0	0	0	0	0.091	0.185	0.282	0.265	0.556
ACADVL	gtr_1	176275.XP_008601775.1	176275.XP_008602066.1	0.159	0	0	0	0.050	0.058	0.237	0.159	0.429
ACADVL	ACOX1	176275.XP_008601775.1	176275.XP_008601964.1	0	0	0	0	0.048	0	0.312	0.404	0.575
ACHE	gabD	176275.XP_008602606.1	176275.XP_008593649.1	0.045	0	0	0	0.089	0.066	0.287	0.125	0.400
ACHE	XP_008593926.1	176275.XP_008602606.1	176275.XP_008593926.1	0.045	0	0	0	0.103	0.066	0.603	0.125	0.671
ACHE	ECH2	176275.XP_008602606.1	176275.XP_008594271.1	0.050	0	0	0	0.156	0	0.315	0.134	0.460
ACHE	HDNO_0	176275.XP_008602606.1	176275.XP_008594503.1	0.104	0	0	0	0.125	0	0.377	0.268	0.594
ACHE	fox-2	176275.XP_008602606.1	176275.XP_008594676.1	0.050	0	0	0	0.156	0	0.315	0.134	0.460
ACHE	XP_008595006.1	176275.XP_008602606.1	176275.XP_008595006.1	0	0	0	0	0.043	0	0.973	0.041	0.973
ACHE	MET10	176275.XP_008602606.1	176275.XP_008596193.1	0.047	0	0	0	0.090	0.146	0.233	0.264	0.505
ACHE	XP_008597126.1	176275.XP_008602606.1	176275.XP_008597126.1	0.104	0	0	0	0.125	0	0.312	0.081	0.437
ACHE	LDHA	176275.XP_008602606.1	176275.XP_008597138.1	0.068	0	0	0	0.089	0.098	0.964	0.270	0.976
ACHE	cprA	176275.XP_008602606.1	176275.XP_008597721.1	0.047	0	0	0	0.090	0.146	0.233	0.264	0.505
ACHE	carD	176275.XP_008602606.1	176275.XP_008598050.1	0.045	0	0	0	0.103	0.066	0.287	0.131	0.413
ACHE	betB	176275.XP_008602606.1	176275.XP_008598337.1	0.045	0	0	0	0.103	0.066	0.603	0.125	0.671
ACHE	GPD2_1	176275.XP_008602606.1	176275.XP_008598369.1	0	0	0	0	0.284	0	0	0.344	0.510
ACHE	serA_1	176275.XP_008602606.1	176275.XP_008598767.1	0.069	0	0	0	0.042	0	0.541	0.043	0.555
ACHE	XP_008599045.1	176275.XP_008602606.1	176275.XP_008599045.1	0.104	0	0	0	0.125	0	0.312	0.081	0.437
ACHE	CBDAS	176275.XP_008602606.1	176275.XP_008599327.1	0.104	0	0	0	0.125	0	0.312	0.081	0.437
ACHE	cat-1	176275.XP_008602606.1	176275.XP_008599505.1	0	0	0	0	0.129	0	0.314	0.665	0.782
ACHE	DHCR24_1	176275.XP_008602606.1	176275.XP_008599876.1	0.104	0	0	0	0.125	0	0.312	0.081	0.437
ACHE	DLD1_0	176275.XP_008602606.1	176275.XP_008600053.1	0.104	0	0	0	0.125	0	0.969	0.268	0.979
ACHE	XP_008600099.1	176275.XP_008602606.1	176275.XP_008600099.1	0.245	0	0	0	0	0	0.255	0	0.413
ACHE	CYP505	176275.XP_008602606.1	176275.XP_008600192.1	0.152	0	0	0	0.133	0.224	0.301	0.477	0.753
ACHE	CYB2_0	176275.XP_008602606.1	176275.XP_008600199.1	0	0	0	0.884	0.085	0	0.972	0.113	0.973
ACHE	SER33	176275.XP_008602606.1	176275.XP_008600544.1	0.069	0	0	0	0.042	0	0.541	0.043	0.555
ACHE	XP_008600931.1	176275.XP_008602606.1	176275.XP_008600931.1	0.104	0	0	0	0.125	0	0.312	0.081	0.437
ACHE	sol5_1	176275.XP_008602606.1	176275.XP_008601376.1	0.104	0	0	0	0.125	0	0.377	0.268	0.594
ACHE	FOX4	176275.XP_008602606.1	176275.XP_008601712.1	0.104	0	0	0	0.125	0	0.312	0.081	0.437
ACHE	ACOX1	176275.XP_008602606.1	176275.XP_008601964.1	0.047	0	0	0	0.090	0.058	0.404	0.325	0.611
ACHE	gtr_1	176275.XP_008602606.1	176275.XP_008602066.1	0.145	0	0	0	0.050	0	0	0.325	0.403
ACOX1	ARD	176275.XP_008601964.1	176275.XP_008593847.1	0	0	0	0	0.086	0.120	0.260	0.142	0.420
ACOX1	XP_008593926.1	176275.XP_008601964.1	176275.XP_008593926.1	0.046	0	0	0	0	0.058	0.965	0.418	0.979
ACOX1	rhlG_2	176275.XP_008601964.1	176275.XP_008594185.1	0	0	0	0	0.096	0.120	0.260	0.142	0.427
ACOX1	SPS19	176275.XP_008601964.1	176275.XP_008594255.1	0	0	0	0	0.190	0.120	0.930	0.604	0.977
ACOX1	ECH2	176275.XP_008601964.1	176275.XP_008594271.1	0.058	0	0	0	0.206	0.105	0.710	0.627	0.914
ACOX1	fox-2	176275.XP_008601964.1	176275.XP_008594676.1	0.058	0	0	0	0.233	0.105	0.973	0.819	0.996
ACOX1	XP_008594708.1	176275.XP_008601964.1	176275.XP_008594708.1	0.047	0	0	0	0.124	0.146	0.478	0.140	0.621
ACOX1	mmgB	176275.XP_008601964.1	176275.XP_008595822.1	0.058	0	0	0	0.122	0.105	0.665	0.340	0.806
ACOX1	ARD1_0	176275.XP_008601964.1	176275.XP_008595887.1	0	0	0	0	0.086	0.120	0.260	0.142	0.420
ACOX1	fabG_0	176275.XP_008601964.1	176275.XP_008596014.1	0	0	0	0	0.086	0.120	0.260	0.142	0.420
ACOX1	MET10	176275.XP_008601964.1	176275.XP_008596193.1	0	0	0	0	0.050	0	0.404	0	0.409
ACOX1	SLD_0	176275.XP_008601964.1	176275.XP_008596780.1	0	0	0	0	0.050	0	0.461	0.258	0.586
ACOX1	rhlG_0	176275.XP_008601964.1	176275.XP_008597409.1	0	0	0	0	0.086	0.120	0.260	0.142	0.420
ACOX1	cprA	176275.XP_008601964.1	176275.XP_008597721.1	0	0	0	0	0.046	0	0.419	0.048	0.426
ACOX1	fabG_1	176275.XP_008601964.1	176275.XP_008597919.1	0	0	0	0	0.086	0.120	0.260	0.142	0.420
ACOX1	rhlG_1	176275.XP_008601964.1	176275.XP_008598015.1	0	0	0	0	0.086	0.120	0.260	0.142	0.420
ACOX1	carD	176275.XP_008601964.1	176275.XP_008598050.1	0.046	0	0	0	0.044	0.058	0.594	0.121	0.637
ACOX1	mmgC_1	176275.XP_008601964.1	176275.XP_008598202.1	0	0	0	0	0.046	0	0.375	0.516	0.686
ACOX1	betB	176275.XP_008601964.1	176275.XP_008598337.1	0.046	0	0	0	0	0.058	0.312	0.206	0.443
ACOX1	GPD2_1	176275.XP_008601964.1	176275.XP_008598369.1	0	0	0	0	0.044	0.106	0	0.635	0.660
ACOX1	NRPS14_0	176275.XP_008601964.1	176275.XP_008598495.1	0.092	0	0	0	0	0	0.325	0.116	0.410
ACOX1	dao1	176275.XP_008601964.1	176275.XP_008598969.1	0	0	0	0	0	0	0.409	0.133	0.465
ACOX1	acdh-11_1	176275.XP_008601964.1	176275.XP_008599108.1	0	0	0	0	0.042	0	0.312	0.233	0.450
ACOX1	Hsdl2	176275.XP_008601964.1	176275.XP_008599266.1	0	0	0	0	0.086	0.271	0.260	0.142	0.520
ACOX1	cat-1	176275.XP_008601964.1	176275.XP_008599505.1	0.047	0	0	0	0.118	0.452	0.411	0.374	0.799
ACOX1	yxbG	176275.XP_008601964.1	176275.XP_008599597.1	0	0	0	0	0.086	0.120	0.260	0.142	0.420
ACOX1	CYP505	176275.XP_008601964.1	176275.XP_008600192.1	0	0	0	0	0.050	0.059	0.404	0.070	0.438
ACOX1	CYB2_0	176275.XP_008601964.1	176275.XP_008600199.1	0.044	0	0	0	0.098	0	0.609	0.325	0.741
ACOX1	ydaD	176275.XP_008601964.1	176275.XP_008600311.1	0	0	0	0	0.086	0.120	0.260	0.142	0.420
ACOX1	tenS	176275.XP_008601964.1	176275.XP_008600657.1	0.092	0	0	0	0	0	0.325	0.116	0.410
ACOX1	MTDH_0	176275.XP_008601964.1	176275.XP_008600766.1	0	0	0	0	0.086	0.120	0.260	0.142	0.420
ACOX1	XP_008602917.1	176275.XP_008601964.1	176275.XP_008602917.1	0	0	0	0	0.086	0.120	0.260	0.142	0.420
ACOX1	yhdF	176275.XP_008601964.1	176275.XP_008602916.1	0	0	0	0	0.086	0.120	0.260	0.142	0.420
ACOX1	SLD_3	176275.XP_008601964.1	176275.XP_008603336.1	0	0	0	0	0.050	0	0.461	0.258	0.586
ACOX1	hxA	176275.XP_008601964.1	176275.XP_008602833.1	0	0	0	0	0.044	0	0.665	0.089	0.682
ACOX1	soxA	176275.XP_008601964.1	176275.XP_008603090.1	0	0	0	0	0.043	0	0.603	0.345	0.729
ADH6	XP_008593926.1	176275.XP_008600310.1	176275.XP_008593926.1	0.047	0	0	0	0.046	0.058	0.965	0.104	0.968
ADH6	Adhfe1	176275.XP_008600310.1	176275.XP_008596701.1	0.071	0	0	0	0.103	0.261	0.246	0.139	0.527
ADH6	carD	176275.XP_008600310.1	176275.XP_008598050.1	0.047	0	0	0	0.046	0.058	0.312	0.151	0.408
AMO	XP_008593926.1	176275.XP_008593928.1	176275.XP_008593926.1	0	0	0	0	0.123	0.081	0.960	0.041	0.964
AMO	carD	176275.XP_008593928.1	176275.XP_008598050.1	0	0	0	0	0.050	0.064	0.392	0.060	0.423
AMO	AO-I_1	176275.XP_008593928.1	176275.XP_008597469.1	0	0	0.478	0.824	0	0	0.937	0	0.942
ANP1_0	MNN9	176275.XP_008596849.1	176275.XP_008593461.1	0	0	0	0.823	0.092	0.484	0.977	0.909	0.990
ANXA7	SOD1	176275.XP_008593884.1	176275.XP_008595630.1	0	0	0	0	0	0.058	0.414	0.094	0.456
AO-I_1	XP_008593926.1	176275.XP_008597469.1	176275.XP_008593926.1	0	0	0	0	0.182	0.081	0.945	0.041	0.955
AO-I_1	carD	176275.XP_008597469.1	176275.XP_008598050.1	0	0	0	0	0.050	0.064	0.392	0.060	0.423
ARD	HPGD_0	176275.XP_008593847.1	176275.XP_008598925.1	0	0	0.371	0	0	0	0.132	0	0.430
ARD	SDR16C5	176275.XP_008593847.1	176275.XP_008595733.1	0	0	0.397	0	0	0	0.104	0	0.436
ARD1_0	SDR16C5	176275.XP_008595887.1	176275.XP_008595733.1	0	0	0.397	0	0	0	0.104	0	0.436
ARD1_0	HPGD_0	176275.XP_008595887.1	176275.XP_008598925.1	0	0	0.390	0	0	0	0.132	0	0.447
Adhfe1	gabD	176275.XP_008596701.1	176275.XP_008593649.1	0.058	0.018	0	0	0.065	0.088	0.448	0.097	0.526
Adhfe1	XP_008593926.1	176275.XP_008596701.1	176275.XP_008593926.1	0.058	0.038	0	0	0.127	0.088	0.927	0.325	0.956
Adhfe1	yfmJ	176275.XP_008596701.1	176275.XP_008594047.1	0	0	0	0	0	0	0.300	0.233	0.440
Adhfe1	fox-2	176275.XP_008596701.1	176275.XP_008594676.1	0.045	0	0	0	0.235	0	0.265	0.060	0.427
Adhfe1	fahd2_1	176275.XP_008596701.1	176275.XP_008595445.1	0.046	0	0	0	0.042	0.235	0.261	0	0.414
Adhfe1	XP_008601758.1	176275.XP_008596701.1	176275.XP_008601758.1	0	0	0	0	0	0	0.300	0.233	0.440
Adhfe1	mmgC_1	176275.XP_008596701.1	176275.XP_008598202.1	0.048	0	0	0	0.182	0	0.237	0.274	0.510
Adhfe1	adhA_1	176275.XP_008596701.1	176275.XP_008602151.1	0.071	0	0	0	0.103	0.261	0.246	0.139	0.527
Adhfe1	osm1	176275.XP_008596701.1	176275.XP_008598650.1	0.041	0	0	0	0.536	0	0	0.093	0.561
Adhfe1	betB	176275.XP_008596701.1	176275.XP_008598337.1	0.058	0.019	0	0	0.126	0.088	0.302	0.325	0.581
Adhfe1	LDHA	176275.XP_008596701.1	176275.XP_008597138.1	0.048	0	0	0	0.080	0.596	0	0.162	0.663
B11H24.095	XP_008598458.1	176275.XP_008600391.1	176275.XP_008598458.1	0	0	0	0	0.549	0	0.076	0	0.565
B11H24.095	CYP505	176275.XP_008600391.1	176275.XP_008600192.1	0	0	0	0	0.089	0.151	0.130	0.252	0.429
B23L21.190	cprA	176275.XP_008598939.1	176275.XP_008597721.1	0	0	0	0	0.044	0.274	0.047	0.807	0.855
B23L21.190	carD	176275.XP_008598939.1	176275.XP_008598050.1	0	0	0	0	0.050	0.058	0.375	0.064	0.406
B23L21.190	CYP505	176275.XP_008598939.1	176275.XP_008600192.1	0	0	0	0	0.089	0.151	0.130	0.261	0.436
CMO	CYP505	176275.XP_008597142.1	176275.XP_008600192.1	0.071	0	0	0	0	0	0.282	0.182	0.406
CMO	LIGB	176275.XP_008597142.1	176275.XP_008597487.1	0.190	0	0	0	0	0	0.432	0.124	0.561
CYB2_0	XP_008593926.1	176275.XP_008600199.1	176275.XP_008593926.1	0	0	0	0	0.114	0.058	0.603	0.159	0.684
CYB2_0	SPS19	176275.XP_008600199.1	176275.XP_008594255.1	0	0	0	0	0.089	0.058	0.552	0.179	0.642
CYB2_0	ECH2	176275.XP_008600199.1	176275.XP_008594271.1	0.041	0	0	0	0.143	0	0.315	0.134	0.447
CYB2_0	HDNO_0	176275.XP_008600199.1	176275.XP_008594503.1	0.047	0	0	0	0.125	0	0.377	0.268	0.568
CYB2_0	fox-2	176275.XP_008600199.1	176275.XP_008594676.1	0.041	0	0	0	0.143	0	0.414	0.261	0.596
CYB2_0	XP_008595006.1	176275.XP_008600199.1	176275.XP_008595006.1	0	0	0	0	0.043	0	0.968	0.041	0.968
CYB2_0	MET10	176275.XP_008600199.1	176275.XP_008596193.1	0.046	0	0	0	0.087	0.146	0.233	0.177	0.444
CYB2_0	LDHA	176275.XP_008600199.1	176275.XP_008597138.1	0.046	0	0	0	0.067	0	0.964	0.186	0.970
CYB2_0	cprA	176275.XP_008600199.1	176275.XP_008597721.1	0.046	0	0	0	0.087	0.146	0.233	0.177	0.444
CYB2_0	betB	176275.XP_008600199.1	176275.XP_008598337.1	0	0	0	0	0.114	0.058	0.603	0.125	0.671
CYB2_0	GPD2_1	176275.XP_008600199.1	176275.XP_008598369.1	0	0	0	0	0.479	0	0	0.604	0.784
CYB2_0	serA_1	176275.XP_008600199.1	176275.XP_008598767.1	0.053	0	0	0	0.042	0	0.541	0.042	0.547
CYB2_0	dao1	176275.XP_008600199.1	176275.XP_008598969.1	0	0	0	0	0.092	0	0.395	0.050	0.432
CYB2_0	cat-1	176275.XP_008600199.1	176275.XP_008599505.1	0	0	0	0	0.129	0	0.405	0.399	0.661
CYB2_0	DLD1_0	176275.XP_008600199.1	176275.XP_008600053.1	0.047	0	0	0	0.125	0	0.969	0.644	0.989
CYB2_0	CYP505	176275.XP_008600199.1	176275.XP_008600192.1	0.136	0	0	0	0.131	0.151	0.233	0.342	0.619
CYB2_0	SER33	176275.XP_008600199.1	176275.XP_008600544.1	0.053	0	0	0	0.042	0	0.541	0.042	0.547
CYB2_0	sol5_1	176275.XP_008600199.1	176275.XP_008601376.1	0.047	0	0	0	0.125	0	0.377	0.268	0.568
CYB2_0	soxA	176275.XP_008600199.1	176275.XP_008603090.1	0	0	0	0	0.184	0	0.577	0.457	0.796
CYP505	XP_008593664.1	176275.XP_008600192.1	176275.XP_008593664.1	0.071	0	0	0	0	0	0.282	0.182	0.406
CYP505	XP_008593926.1	176275.XP_008600192.1	176275.XP_008593926.1	0	0	0	0	0	0.059	0.964	0.086	0.966
CYP505	ECH2	176275.XP_008600192.1	176275.XP_008594271.1	0.135	0	0	0	0.118	0	0.348	0	0.459
CYP505	ordA_0	176275.XP_008600192.1	176275.XP_008594556.1	0	0	0	0.568	0	0.122	0.303	0.214	0.411
CYP505	fox-2	176275.XP_008600192.1	176275.XP_008594676.1	0.135	0	0	0	0.118	0	0.348	0	0.459
CYP505	XP_008596142.1	176275.XP_008600192.1	176275.XP_008596142.1	0	0	0	0	0	0.122	0.303	0.214	0.476
CYP505	trm9	176275.XP_008600192.1	176275.XP_008596480.1	0	0	0	0	0.133	0.098	0.282	0.073	0.409
CYP505	MET5	176275.XP_008600192.1	176275.XP_008596556.1	0.156	0	0	0.541	0.374	0.238	0.515	0.418	0.818
CYP505	carD	176275.XP_008600192.1	176275.XP_008598050.1	0	0	0	0	0	0.059	0.625	0.086	0.649
CYP505	DRE2	176275.XP_008600192.1	176275.XP_008598130.1	0	0	0	0	0.048	0.279	0.126	0.176	0.439
CYP505	mmgC_1	176275.XP_008600192.1	176275.XP_008598202.1	0	0	0	0	0.091	0.185	0.282	0.351	0.608
CYP505	osm1	176275.XP_008600192.1	176275.XP_008598650.1	0	0	0	0	0.134	0.151	0.255	0.252	0.535
CYP505	cat-1	176275.XP_008600192.1	176275.XP_008599505.1	0.046	0	0	0	0	0	0.337	0.179	0.435
CYP505	arh1	176275.XP_008600192.1	176275.XP_008600134.1	0.206	0	0	0	0.050	0	0.181	0.249	0.473
CYP505	erg-4_0	176275.XP_008600192.1	176275.XP_008600188.1	0	0	0	0	0.043	0.150	0.282	0.251	0.504
CYP505	ordA_2	176275.XP_008600192.1	176275.XP_008603092.1	0	0	0	0.556	0	0.122	0.303	0.214	0.412
CYP505	HMGR	176275.XP_008600192.1	176275.XP_008600402.1	0	0	0	0	0.049	0	0	0.417	0.421
CYP505	dmoA_0	176275.XP_008600192.1	176275.XP_008600601.1	0	0	0	0	0	0	0.435	0.090	0.463
CYP505	LIA1	176275.XP_008600192.1	176275.XP_008601182.1	0	0	0	0	0.070	0.105	0.401	0.145	0.516
CYP505	FAXDC2	176275.XP_008600192.1	176275.XP_008601221.1	0	0	0	0	0.063	0.229	0.133	0.475	0.627
DHCR24_1	FAXDC2	176275.XP_008599876.1	176275.XP_008601221.1	0	0	0	0	0.125	0	0.280	0.241	0.480
DHCR24_1	Hsd17b7	176275.XP_008599876.1	176275.XP_008601158.1	0	0	0	0	0.179	0	0.280	0.217	0.496
DHCR24_1	erg-4_0	176275.XP_008599876.1	176275.XP_008600188.1	0	0	0	0	0	0	0.969	0.112	0.971
DLD1_0	XP_008595006.1	176275.XP_008600053.1	176275.XP_008595006.1	0.046	0	0	0	0	0	0.968	0	0.968
DLD1_0	LDHA	176275.XP_008600053.1	176275.XP_008597138.1	0.046	0	0	0	0.041	0	0.964	0.325	0.974
DLD1_0	GPD2_1	176275.XP_008600053.1	176275.XP_008598369.1	0.049	0	0	0	0.043	0	0.065	0.417	0.437
DRE2	TAH18	176275.XP_008598130.1	176275.XP_008595048.1	0	0	0	0	0.065	0.843	0.384	0.911	0.990
DRE2	MET10	176275.XP_008598130.1	176275.XP_008596193.1	0	0	0	0	0.048	0.279	0.126	0.176	0.439
DRE2	cprA	176275.XP_008598130.1	176275.XP_008597721.1	0	0	0	0	0.048	0.279	0.126	0.176	0.439
ECH2	acdh-11_1	176275.XP_008594271.1	176275.XP_008599108.1	0.058	0	0	0	0.178	0.105	0.233	0.077	0.419
ECH2	XP_008594708.1	176275.XP_008594271.1	176275.XP_008594708.1	0.054	0	0	0	0.174	0.105	0.226	0.114	0.432
ECH2	mmgB	176275.XP_008594271.1	176275.XP_008595822.1	0.086	0	0	0	0.152	0.074	0.259	0.160	0.471
ECH2	mmgC_1	176275.XP_008594271.1	176275.XP_008598202.1	0.061	0	0	0	0.231	0.105	0.233	0.127	0.488
ECH2	XP_008598458.1	176275.XP_008594271.1	176275.XP_008598458.1	0.068	0	0	0	0.487	0	0.123	0.059	0.552
ECH2	osm1	176275.XP_008594271.1	176275.XP_008598650.1	0.072	0	0	0	0.529	0	0	0.060	0.553
ECH2	cat-1	176275.XP_008594271.1	176275.XP_008599505.1	0	0	0	0	0.172	0.079	0.380	0.255	0.600
FAXDC2	YMR226C	176275.XP_008601221.1	176275.XP_008596835.1	0	0	0	0	0	0.058	0	0.553	0.560
FAXDC2	erg-4_0	176275.XP_008601221.1	176275.XP_008600188.1	0	0	0	0	0.047	0.278	0.233	0.276	0.566
FAXDC2	HMGR	176275.XP_008601221.1	176275.XP_008600402.1	0	0	0	0	0.235	0.060	0	0.475	0.589
FAXDC2	Hsd17b7	176275.XP_008601221.1	176275.XP_008601158.1	0	0	0	0	0.137	0.560	0.637	0.432	0.911
GPD2_1	XP_008593926.1	176275.XP_008598369.1	176275.XP_008593926.1	0	0	0	0	0.126	0.083	0	0.494	0.559
GPD2_1	fox-2	176275.XP_008598369.1	176275.XP_008594676.1	0	0	0	0	0.050	0	0	0.604	0.607
GPD2_1	osm1	176275.XP_008598369.1	176275.XP_008598650.1	0	0	0	0	0.188	0	0.261	0.271	0.524
GPX2	cys-9	176275.XP_008595912.1	176275.XP_008593640.1	0.177	0	0	0	0	0	0	0.823	0.848
GPX2	ordA_0	176275.XP_008595912.1	176275.XP_008594556.1	0	0	0	0	0	0.058	0.225	0.267	0.418
GPX2	Prdx5	176275.XP_008595912.1	176275.XP_008594749.1	0	0	0	0	0.100	0.106	0.241	0.659	0.763
GPX2	pgi-1	176275.XP_008595912.1	176275.XP_008595461.1	0.043	0	0	0	0.042	0	0	0.604	0.605
GPX2	SOD1	176275.XP_008595912.1	176275.XP_008595630.1	0.066	0	0	0	0.124	0.271	0.624	0.806	0.948
GPX2	ordA_2	176275.XP_008595912.1	176275.XP_008603092.1	0	0	0	0	0	0.058	0.225	0.267	0.418
GPX2	XP_008599942.1	176275.XP_008595912.1	176275.XP_008599942.1	0.046	0	0	0	0.044	0.147	0.206	0.258	0.458
GPX2	XP_008597619.1	176275.XP_008595912.1	176275.XP_008597619.1	0	0	0	0	0.120	0.087	0	0.407	0.481
GPX2	GSTO1_0	176275.XP_008595912.1	176275.XP_008600729.1	0	0	0	0	0	0.068	0.312	0.372	0.562
GPX2	XP_008595917.1	176275.XP_008595912.1	176275.XP_008595917.1	0	0	0	0	0	0.073	0	0.635	0.647
GPX2	MGST3	176275.XP_008595912.1	176275.XP_008600569.1	0	0	0	0	0.083	0.058	0.665	0.158	0.723
GPX2	XP_008600762.1	176275.XP_008595912.1	176275.XP_008600762.1	0.246	0	0	0	0.123	0.058	0	0.700	0.788
GPX2	ero-1	176275.XP_008595912.1	176275.XP_008601193.1	0	0	0	0	0.045	0.071	0.420	0.687	0.817
GPX2	cat-1	176275.XP_008595912.1	176275.XP_008599505.1	0	0	0	0	0.149	0.284	0.205	0.677	0.822
GPX2	GSTO1_1	176275.XP_008595912.1	176275.XP_008602156.1	0	0	0	0	0	0.071	0.665	0.679	0.891
GPX2	gtr_1	176275.XP_008595912.1	176275.XP_008602066.1	0.092	0	0	0	0.054	0.107	0.897	0.837	0.984
GRP2_1	UGD3	176275.XP_008596504.1	176275.XP_008598325.1	0.067	0	0	0	0.120	0.107	0.237	0.095	0.401
GSTO1_0	MGST3	176275.XP_008600729.1	176275.XP_008600569.1	0	0	0	0	0	0	0.959	0.236	0.967
GSTO1_0	gtr_1	176275.XP_008600729.1	176275.XP_008602066.1	0	0	0	0	0	0.058	0.961	0.263	0.970
GSTO1_1	MGST3	176275.XP_008602156.1	176275.XP_008600569.1	0	0	0	0	0	0	0.961	0.270	0.970
GSTO1_1	gtr_1	176275.XP_008602156.1	176275.XP_008602066.1	0	0	0	0	0.042	0.058	0.961	0.263	0.970
GWT1	cwh43	176275.XP_008594713.1	176275.XP_008594835.1	0	0	0	0	0	0.105	0	0.483	0.517
GWT1	URA9	176275.XP_008594713.1	176275.XP_008595544.1	0	0	0	0	0.063	0	0	0.768	0.773
HMGR	erg-4_0	176275.XP_008600402.1	176275.XP_008600188.1	0	0	0	0	0	0.071	0.113	0.440	0.498
HMGR	Hsd17b7	176275.XP_008600402.1	176275.XP_008601158.1	0	0	0	0	0.123	0.058	0	0.345	0.411
HPGD_0	fabG_1	176275.XP_008598925.1	176275.XP_008597919.1	0	0	0.338	0	0	0	0.132	0	0.400
HPGD_0	OXCT1_0	176275.XP_008598925.1	176275.XP_008598047.1	0.046	0	0	0	0	0.064	0.930	0.041	0.932
Hsd17b7	budC	176275.XP_008601158.1	176275.XP_008597613.1	0	0	0	0	0	0	0.254	0.325	0.474
Hsd17b7	erg-4_0	176275.XP_008601158.1	176275.XP_008600188.1	0	0	0	0	0	0.387	0.265	0.270	0.642
Hsdl2	fox-2	176275.XP_008599266.1	176275.XP_008594676.1	0.046	0	0	0	0.188	0.083	0.206	0.361	0.573
Hsdl2	cat-1	176275.XP_008599266.1	176275.XP_008599505.1	0	0	0	0	0.103	0.234	0.203	0.066	0.420
Ido1	XP_008596449.1	176275.XP_008602544.1	176275.XP_008596449.1	0	0	0	0	0.555	0	0	0	0.555
JLP1	MET10	176275.XP_008600970.1	176275.XP_008596193.1	0	0	0	0	0	0	0.447	0.144	0.506
JLP1	MET5	176275.XP_008600970.1	176275.XP_008596556.1	0	0	0	0	0	0	0.447	0.151	0.510
LDHA	XP_008595006.1	176275.XP_008597138.1	176275.XP_008595006.1	0.177	0	0	0	0	0	0.968	0.179	0.976
LDHA	pgi-1	176275.XP_008597138.1	176275.XP_008595461.1	0.177	0	0	0	0.187	0	0.969	0.749	0.994
LDHA	URA9	176275.XP_008597138.1	176275.XP_008595544.1	0.150	0	0	0	0.052	0	0	0.332	0.414
LDHA	osm1	176275.XP_008597138.1	176275.XP_008598650.1	0.075	0	0	0	0.151	0.128	0.312	0.169	0.537
LDHA	XP_008600673.1	176275.XP_008597138.1	176275.XP_008600673.1	0	0	0	0	0.043	0	0.948	0.162	0.954
LEU1	his-3	176275.XP_008595246.1	176275.XP_008593635.1	0.179	0	0	0	0.202	0	0	0.911	0.936
LEU1	hts1	176275.XP_008595246.1	176275.XP_008594301.1	0	0	0	0	0.107	0.059	0	0.350	0.406
LEU1	his3	176275.XP_008595246.1	176275.XP_008594658.1	0.072	0	0	0	0.044	0	0	0.637	0.649
LEU1	XP_008595006.1	176275.XP_008595246.1	176275.XP_008595006.1	0.137	0.271	0.325	0	0.565	0.256	0.977	0.800	0.999
LEU1	metE_1	176275.XP_008595246.1	176275.XP_008595478.1	0	0	0	0	0	0	0	0.430	0.430
LEU1	glt1_0	176275.XP_008595246.1	176275.XP_008596092.1	0.089	0	0	0	0.130	0	0.278	0.132	0.436
LEU1	gtr_1	176275.XP_008595246.1	176275.XP_008602066.1	0.074	0	0	0	0.118	0.123	0.388	0.116	0.541
LEU1	XP_008600099.1	176275.XP_008595246.1	176275.XP_008600099.1	0.137	0	0	0	0.121	0.058	0.206	0.338	0.555
LEU1	lys2	176275.XP_008595246.1	176275.XP_008601599.1	0	0	0	0	0.235	0	0	0.839	0.871
LEU1	ilv-2	176275.XP_008595246.1	176275.XP_008597984.1	0.137	0	0.293	0	0.163	0	0.230	0.771	0.893
LIA1	TAH18	176275.XP_008601182.1	176275.XP_008595048.1	0	0	0	0	0.143	0	0.401	0.169	0.536
LIA1	pgi-1	176275.XP_008601182.1	176275.XP_008595461.1	0	0	0	0	0.054	0	0.270	0.325	0.493
LIA1	URA9	176275.XP_008601182.1	176275.XP_008595544.1	0	0	0	0	0.596	0	0	0	0.596
LIA1	MET10	176275.XP_008601182.1	176275.XP_008596193.1	0	0	0	0	0.070	0	0.401	0.124	0.469
LIA1	cprA	176275.XP_008601182.1	176275.XP_008597721.1	0	0	0	0	0.070	0	0.401	0.124	0.469
LIGB	XP_008593664.1	176275.XP_008597487.1	176275.XP_008593664.1	0.190	0	0	0	0	0	0.432	0.124	0.561
LYS3	his-3	176275.XP_008596842.1	176275.XP_008593635.1	0	0	0	0	0.206	0	0	0.362	0.471
LYS3	lys12	176275.XP_008596842.1	176275.XP_008594925.1	0	0	0	0	0.728	0	0	0.822	0.949
LYS3	arg-6_2	176275.XP_008596842.1	176275.XP_008601296.1	0	0	0	0	0.154	0	0	0.325	0.404
LYS3	NRPS14_0	176275.XP_008596842.1	176275.XP_008598495.1	0.197	0	0	0	0.105	0	0.251	0.127	0.467
LYS3	tenS	176275.XP_008596842.1	176275.XP_008600657.1	0.197	0	0	0	0.105	0	0.251	0.127	0.467
LYS3	cys2	176275.XP_008596842.1	176275.XP_008597671.1	0	0	0	0	0	0	0	0.514	0.514
LYS3	ilv-2	176275.XP_008596842.1	176275.XP_008597984.1	0	0	0	0	0.557	0	0	0.059	0.565
LYS3	XP_008600099.1	176275.XP_008596842.1	176275.XP_008600099.1	0	0	0	0	0.130	0	0.432	0.272	0.608
LYS3	lys2	176275.XP_008596842.1	176275.XP_008601599.1	0.049	0	0	0	0.205	0	0.977	0.824	0.996
MET10	SSU1	176275.XP_008596193.1	176275.XP_008593803.1	0	0	0	0	0	0	0	0.483	0.483
MET10	metE_1	176275.XP_008596193.1	176275.XP_008595478.1	0	0	0	0	0.626	0	0	0.789	0.917
MET10	MET5	176275.XP_008596193.1	176275.XP_008596556.1	0.137	0.001	0	0	0.978	0.410	0.975	0.906	0.999
MET5	cys-9	176275.XP_008596556.1	176275.XP_008593640.1	0.170	0	0	0	0.043	0	0.244	0.325	0.540
MET5	TAH18	176275.XP_008596556.1	176275.XP_008595048.1	0.137	0	0.318	0.566	0.293	0.151	0.482	0.176	0.750
MET5	metE_1	176275.XP_008596556.1	176275.XP_008595478.1	0.062	0	0	0	0.555	0	0	0.495	0.770
MET5	glt1_0	176275.XP_008596556.1	176275.XP_008596092.1	0	0	0	0	0	0	0.624	0.641	0.859
MET5	mmgC_1	176275.XP_008596556.1	176275.XP_008598202.1	0	0	0	0	0.088	0.058	0.299	0.134	0.408
MET5	ifcA	176275.XP_008596556.1	176275.XP_008596746.1	0.147	0	0	0	0	0.058	0.303	0.079	0.415
MET5	XP_008599942.1	176275.XP_008596556.1	176275.XP_008599942.1	0.043	0	0	0	0	0.071	0.316	0.181	0.435
MET5	arh1	176275.XP_008596556.1	176275.XP_008600134.1	0.219	0	0	0	0.052	0	0.624	0.113	0.720
MET5	osm1	176275.XP_008596556.1	176275.XP_008598650.1	0.147	0	0	0	0.088	0.058	0.723	0.252	0.820
MET5	cprA	176275.XP_008596556.1	176275.XP_008597721.1	0.137	0.018	0.357	0.556	0.374	0.238	0.515	0.417	0.840
MGST3	carD	176275.XP_008600569.1	176275.XP_008598050.1	0	0	0	0	0	0.058	0.395	0	0.405
MGST3	gtr_1	176275.XP_008600569.1	176275.XP_008602066.1	0	0	0	0	0	0	0.964	0.219	0.970
NADO	osm1	176275.XP_008599993.1	176275.XP_008598650.1	0.134	0.360	0	0	0	0	0.147	0.041	0.486
NRPS14_0	his-3	176275.XP_008598495.1	176275.XP_008593635.1	0	0	0	0	0.143	0	0	0.358	0.426
NRPS14_0	tenC	176275.XP_008598495.1	176275.XP_008600656.1	0.049	0	0	0	0	0	0.262	0.268	0.441
NRPS2_1	his-3	176275.XP_008601565.1	176275.XP_008593635.1	0	0	0	0	0.143	0	0	0.358	0.426
OXCT1_0	mmgB	176275.XP_008598047.1	176275.XP_008595822.1	0.133	0	0	0	0.093	0	0.977	0.159	0.982
OXCT1_0	yxbG	176275.XP_008598047.1	176275.XP_008599597.1	0.046	0	0	0	0	0.084	0.493	0.168	0.582
PIKALPHA	PKH2	176275.XP_008595581.1	176275.XP_008603405.1	0	0	0	0	0.104	0.120	0.250	0.132	0.418
PIKALPHA	ero-1	176275.XP_008595581.1	176275.XP_008601193.1	0	0	0	0	0.169	0.150	0.259	0.196	0.522
PIKALPHA	UBP1_1	176275.XP_008595581.1	176275.XP_008596024.1	0	0	0	0	0.049	0.267	0.426	0.074	0.579
Prdx5	cys-9	176275.XP_008594749.1	176275.XP_008593640.1	0.049	0	0	0	0.044	0	0	0.582	0.586
Prdx5	cat-1	176275.XP_008594749.1	176275.XP_008599505.1	0.049	0	0	0	0	0.148	0	0.385	0.458
Prdx5	SOD1	176275.XP_008594749.1	176275.XP_008595630.1	0.046	0	0	0	0.132	0.121	0	0.516	0.600
Prdx5	gtr_1	176275.XP_008594749.1	176275.XP_008602066.1	0.153	0	0	0	0.126	0	0.304	0.636	0.787
QORL2	lovC_0	176275.XP_008593855.1	176275.XP_008598496.1	0	0	0.406	0	0	0	0	0	0.406
QORL2	TOXD_1	176275.XP_008593855.1	176275.XP_008597484.1	0	0	0.411	0	0	0	0	0	0.411
QORL2	XP_008599136.1	176275.XP_008593855.1	176275.XP_008599136.1	0	0	0.428	0	0	0	0	0	0.428
QORL2	Rtn4ip1	176275.XP_008593855.1	176275.XP_008600975.1	0	0	0.429	0	0	0	0	0	0.429
QORL2	XP_008596246.1	176275.XP_008593855.1	176275.XP_008596246.1	0	0	0.444	0	0	0	0	0	0.444
Rtn4ip1	TOXD_1	176275.XP_008600975.1	176275.XP_008597484.1	0	0	0.459	0.580	0.235	0.058	0	0.101	0.402
SDR16C5	SPS19	176275.XP_008595733.1	176275.XP_008594255.1	0	0	0.398	0	0	0	0.104	0	0.437
SDR16C5	fabG_1	176275.XP_008595733.1	176275.XP_008597919.1	0	0	0.366	0	0	0	0.104	0	0.407
SDR16C5	rhlG_0	176275.XP_008595733.1	176275.XP_008597409.1	0	0	0.387	0	0	0	0.104	0	0.427
SDR16C5	yxbG	176275.XP_008595733.1	176275.XP_008599597.1	0	0	0.391	0	0	0	0.104	0	0.431
SDR16C5	fabG_0	176275.XP_008595733.1	176275.XP_008596014.1	0	0	0.445	0	0	0	0.104	0	0.481
SER33	dmg	176275.XP_008600544.1	176275.XP_008597140.1	0	0	0	0	0.043	0.079	0.258	0.325	0.499
SER33	XP_008600099.1	176275.XP_008600544.1	176275.XP_008600099.1	0.137	0	0	0	0.096	0.083	0.172	0.174	0.421
SOD1	cys-9	176275.XP_008595630.1	176275.XP_008593640.1	0	0	0	0	0.043	0	0	0.445	0.446
SOD1	XP_008595917.1	176275.XP_008595630.1	176275.XP_008595917.1	0	0	0	0	0	0	0	0.534	0.534
SOD1	katG	176275.XP_008595630.1	176275.XP_008602657.1	0.071	0	0	0	0	0.062	0.645	0.248	0.736
SOD1	gtr_1	176275.XP_008595630.1	176275.XP_008602066.1	0	0	0	0	0.041	0.105	0	0.790	0.804
SOD1	cat-1	176275.XP_008595630.1	176275.XP_008599505.1	0.072	0	0	0	0.124	0.274	0.750	0.520	0.916
SPAC513.07	UGD3	176275.XP_008596495.1	176275.XP_008598325.1	0.067	0	0	0	0.120	0.107	0.237	0.095	0.401
SPS19	XP_008598458.1	176275.XP_008594255.1	176275.XP_008598458.1	0.043	0	0	0	0.407	0	0.047	0	0.411
SPS19	mmgB	176275.XP_008594255.1	176275.XP_008595822.1	0	0	0	0	0.113	0.271	0.110	0.128	0.431
SPS19	cprA	176275.XP_008594255.1	176275.XP_008597721.1	0	0	0	0	0.046	0	0.419	0.060	0.433
SPS19	cat-1	176275.XP_008594255.1	176275.XP_008599505.1	0	0	0	0	0.050	0.148	0.411	0.182	0.557
SPS19	fox-2	176275.XP_008594255.1	176275.XP_008594676.1	0.046	0	0.282	0.600	0.591	0.083	0.607	0.543	0.886
TAH18	arh1	176275.XP_008595048.1	176275.XP_008600134.1	0.101	0	0	0	0.103	0	0.181	0.362	0.522
TOXD_1	yfmJ	176275.XP_008597484.1	176275.XP_008594047.1	0.044	0	0	0	0.306	0.059	0.155	0.114	0.447
TOXD_1	XP_008596246.1	176275.XP_008597484.1	176275.XP_008596246.1	0	0	0.463	0	0	0	0	0	0.463
TOXD_1	TP53I3	176275.XP_008597484.1	176275.XP_008598078.1	0	0	0.435	0	0	0	0	0	0.435
TOXD_1	XP_008601758.1	176275.XP_008597484.1	176275.XP_008601758.1	0.044	0	0	0	0.306	0.059	0.155	0.114	0.447
TOXD_1	XP_008599136.1	176275.XP_008597484.1	176275.XP_008599136.1	0	0	0.436	0	0.235	0.058	0	0.166	0.615
TOXD_2	TP53I3	176275.XP_008599536.1	176275.XP_008598078.1	0	0	0.440	0	0	0	0	0	0.440
TOXD_2	XP_008599136.1	176275.XP_008599536.1	176275.XP_008599136.1	0	0	0.425	0	0	0	0	0	0.425
UGD3	pgi-1	176275.XP_008598325.1	176275.XP_008595461.1	0.191	0	0	0	0.095	0	0	0.263	0.413
URA9	his-3	176275.XP_008595544.1	176275.XP_008593635.1	0.415	0	0	0	0.071	0	0	0.265	0.565
URA9	XP_008593642.1	176275.XP_008595544.1	176275.XP_008593642.1	0.188	0	0	0	0.130	0.153	0	0.522	0.675
URA9	arh1	176275.XP_008595544.1	176275.XP_008600134.1	0.246	0	0	0	0.128	0.542	0.270	0.325	0.824
XP_008593642.1	hts1	176275.XP_008593642.1	176275.XP_008594301.1	0.043	0	0	0	0.175	0	0	0.325	0.420
XP_008593642.1	pgi-1	176275.XP_008593642.1	176275.XP_008595461.1	0.237	0	0	0	0.125	0	0	0.325	0.509
XP_008593642.1	ero-1	176275.XP_008593642.1	176275.XP_008601193.1	0.046	0	0	0	0	0.554	0	0	0.556
XP_008593926.1	carD	176275.XP_008593926.1	176275.XP_008598050.1	0	0	0	0.614	0.051	0	0.321	0.325	0.404
XP_008593926.1	ZTA1	176275.XP_008593926.1	176275.XP_008602260.1	0	0	0	0	0.087	0.082	0.077	0.325	0.407
XP_008593926.1	hxA	176275.XP_008593926.1	176275.XP_008602833.1	0	0	0	0	0.082	0	0.312	0.138	0.408
XP_008593926.1	pgi-1	176275.XP_008593926.1	176275.XP_008595461.1	0.057	0	0	0	0.140	0.059	0.250	0.256	0.496
XP_008593926.1	cat-1	176275.XP_008593926.1	176275.XP_008599505.1	0	0	0	0	0.134	0.152	0.224	0.231	0.503
XP_008593926.1	mmgB	176275.XP_008593926.1	176275.XP_008595822.1	0	0.045	0	0	0.177	0.149	0.312	0.152	0.538
XP_008593926.1	fox-2	176275.XP_008593926.1	176275.XP_008594676.1	0.046	0	0	0	0.130	0	0.197	0.418	0.560
XP_008593926.1	maoA	176275.XP_008593926.1	176275.XP_008597316.1	0	0	0	0	0.041	0	0.700	0.069	0.708
XP_008593926.1	glt1_0	176275.XP_008593926.1	176275.XP_008596092.1	0.047	0	0	0	0.042	0	0.966	0.072	0.967
XP_008594708.1	fox-2	176275.XP_008594708.1	176275.XP_008594676.1	0.054	0	0	0	0.174	0.105	0.226	0.114	0.432
XP_008594708.1	acdh-11_1	176275.XP_008594708.1	176275.XP_008599108.1	0.047	0	0	0	0.124	0.146	0.248	0.104	0.432
XP_008594708.1	mmgB	176275.XP_008594708.1	176275.XP_008595822.1	0.054	0.009	0	0	0.186	0.140	0.329	0.113	0.534
XP_008594708.1	mmgC_1	176275.XP_008594708.1	176275.XP_008598202.1	0.047	0	0	0	0.168	0.146	0.329	0.145	0.540
XP_008594942.1	XP_008598690.1	176275.XP_008594942.1	176275.XP_008598690.1	0	0	0	0	0.615	0	0	0	0.615
XP_008595006.1	his-3	176275.XP_008595006.1	176275.XP_008593635.1	0.049	0	0	0	0.170	0	0	0.355	0.446
XP_008595006.1	lys12	176275.XP_008595006.1	176275.XP_008594925.1	0.137	0.017	0	0	0.391	0.256	0.278	0.176	0.724
XP_008595006.1	ifcA	176275.XP_008595006.1	176275.XP_008596746.1	0.154	0	0	0	0.049	0	0.255	0.141	0.416
XP_008595006.1	osm1	176275.XP_008595006.1	176275.XP_008598650.1	0.154	0	0	0	0.053	0	0.255	0.141	0.418
XP_008595006.1	glt1_0	176275.XP_008595006.1	176275.XP_008596092.1	0.046	0	0	0	0.178	0.067	0	0.346	0.457
XP_008595006.1	gtr_1	176275.XP_008595006.1	176275.XP_008602066.1	0.189	0	0	0	0	0	0.266	0.163	0.458
XP_008595006.1	lys2	176275.XP_008595006.1	176275.XP_008601599.1	0	0	0	0	0.553	0	0	0	0.553
XP_008595006.1	XP_008600099.1	176275.XP_008595006.1	176275.XP_008600099.1	0.246	0	0	0	0.049	0.058	0.244	0.492	0.693
XP_008595006.1	ilv-2	176275.XP_008595006.1	176275.XP_008597984.1	0.246	0	0.214	0	0.164	0	0	0.697	0.829
XP_008595873.1	gtr_1	176275.XP_008595873.1	176275.XP_008602066.1	0.083	0	0	0	0.151	0.108	0.176	0.162	0.433
XP_008595917.1	carD	176275.XP_008595917.1	176275.XP_008598050.1	0	0	0	0	0	0	0.403	0.059	0.414
XP_008595917.1	cat-1	176275.XP_008595917.1	176275.XP_008599505.1	0	0	0	0	0.042	0.070	0	0.434	0.451
XP_008595917.1	gtr_1	176275.XP_008595917.1	176275.XP_008602066.1	0	0	0	0	0.091	0.083	0	0.437	0.489
XP_008595917.1	nicC_0	176275.XP_008595917.1	176275.XP_008599204.1	0	0	0	0	0.549	0	0	0.041	0.549
XP_008595917.1	XP_008597619.1	176275.XP_008595917.1	176275.XP_008597619.1	0	0	0	0	0.042	0	0	0.639	0.639
XP_008595917.1	cprA	176275.XP_008595917.1	176275.XP_008597721.1	0	0	0	0	0	0.430	0	0.531	0.721
XP_008596246.1	lovC_0	176275.XP_008596246.1	176275.XP_008598496.1	0	0	0.460	0	0	0	0	0	0.460
XP_008597126.1	easA	176275.XP_008597126.1	176275.XP_008595067.1	0	0	0	0	0	0	0	0.620	0.620
XP_008597619.1	glt1_0	176275.XP_008597619.1	176275.XP_008596092.1	0.050	0	0	0	0	0	0.973	0	0.973
XP_008597619.1	gtr_1	176275.XP_008597619.1	176275.XP_008602066.1	0	0	0	0	0.046	0.106	0	0.667	0.691
XP_008597937.1	betA_0	176275.XP_008597937.1	176275.XP_008595625.1	0	0	0.474	0.613	0	0	0.244	0.288	0.438
XP_008597937.1	codA	176275.XP_008597937.1	176275.XP_008598338.1	0	0	0.463	0.645	0	0	0.244	0.262	0.414
XP_008597937.1	betB	176275.XP_008597937.1	176275.XP_008598337.1	0.046	0	0	0	0.106	0	0.975	0.045	0.976
XP_008598366.1	cys-9	176275.XP_008598366.1	176275.XP_008593640.1	0	0.605	0	0	0	0	0	0	0.605
XP_008598458.1	fox-2	176275.XP_008598458.1	176275.XP_008594676.1	0.068	0	0	0	0.612	0	0.123	0.073	0.666
XP_008598458.1	ncd-2_0	176275.XP_008598458.1	176275.XP_008600599.1	0	0	0.475	0	0	0	0	0	0.475
XP_008598458.1	osm1	176275.XP_008598458.1	176275.XP_008598650.1	0	0	0	0	0.533	0	0.076	0	0.550
XP_008598610.1	carD	176275.XP_008598610.1	176275.XP_008598050.1	0	0	0	0	0	0	0.148	0.325	0.400
XP_008598610.1	arh1	176275.XP_008598610.1	176275.XP_008600134.1	0	0	0	0	0.043	0	0	0.491	0.492
XP_008599942.1	cys-9	176275.XP_008599942.1	176275.XP_008593640.1	0.065	0	0	0	0.089	0.242	0.121	0.248	0.495
XP_008599942.1	XP_008600762.1	176275.XP_008599942.1	176275.XP_008600762.1	0.091	0	0	0	0.078	0.105	0.243	0.139	0.421
XP_008599942.1	gtr_1	176275.XP_008599942.1	176275.XP_008602066.1	0.072	0	0	0	0.103	0.259	0.206	0.348	0.622
XP_008599942.1	ero-1	176275.XP_008599942.1	176275.XP_008601193.1	0	0	0	0	0.050	0.228	0.973	0.663	0.992
XP_008600099.1	his-3	176275.XP_008600099.1	176275.XP_008593635.1	0.388	0	0	0	0.430	0	0	0.443	0.788
XP_008600099.1	lys12	176275.XP_008600099.1	176275.XP_008594925.1	0.137	0	0	0	0.130	0.058	0.206	0.272	0.516
XP_008600099.1	pgi-1	176275.XP_008600099.1	176275.XP_008595461.1	0	0	0	0	0.049	0	0.270	0.337	0.499
XP_008600099.1	metE_1	176275.XP_008600099.1	176275.XP_008595478.1	0.142	0	0	0	0.065	0	0.304	0.752	0.842
XP_008600099.1	mmgB	176275.XP_008600099.1	176275.XP_008595822.1	0	0	0	0	0	0	0.360	0.112	0.407
XP_008600099.1	cys2	176275.XP_008600099.1	176275.XP_008597671.1	0.142	0	0	0	0.065	0	0.304	0.181	0.481
XP_008600099.1	ilv-2	176275.XP_008600099.1	176275.XP_008597984.1	0.187	0	0	0	0.211	0	0	0.462	0.624
XP_008600099.1	arh1	176275.XP_008600099.1	176275.XP_008600134.1	0	0	0	0	0.041	0	0.371	0.161	0.449
XP_008600099.1	lys2	176275.XP_008600099.1	176275.XP_008601599.1	0	0	0	0	0.435	0	0	0.067	0.450
XP_008600099.1	XP_008600673.1	176275.XP_008600099.1	176275.XP_008600673.1	0.047	0	0	0	0	0	0.432	0.142	0.495
XP_008600099.1	XP_008603356.1	176275.XP_008600099.1	176275.XP_008603356.1	0.137	0	0	0	0.202	0.090	0	0.358	0.543
XP_008600642.1	his-3	176275.XP_008600642.1	176275.XP_008593635.1	0.362	0	0	0	0.086	0	0	0.102	0.430
XP_008600642.1	pgi-1	176275.XP_008600642.1	176275.XP_008595461.1	0.190	0	0	0	0.205	0	0	0.622	0.735
XP_008600642.1	gtr_1	176275.XP_008600642.1	176275.XP_008602066.1	0.088	0	0	0	0.171	0.059	0	0.506	0.601
XP_008600673.1	pgi-1	176275.XP_008600673.1	176275.XP_008595461.1	0.191	0	0	0	0.410	0	0.969	0.620	0.993
XP_008600762.1	gtr_1	176275.XP_008600762.1	176275.XP_008602066.1	0.174	0	0	0	0.050	0.058	0	0.364	0.466
XP_008601342.1	cys-9	176275.XP_008601342.1	176275.XP_008593640.1	0.052	0	0	0	0.530	0.058	0	0.060	0.552
XP_008601342.1	gtr_1	176275.XP_008601342.1	176275.XP_008602066.1	0	0	0	0	0.530	0	0.076	0.216	0.629
XP_008601758.1	easA	176275.XP_008601758.1	176275.XP_008595067.1	0.093	0	0	0	0.184	0.058	0	0.338	0.476
XP_008601758.1	gtr_1	176275.XP_008601758.1	176275.XP_008602066.1	0	0	0	0	0.135	0	0	0.352	0.415
XP_008601758.1	ZTA1	176275.XP_008601758.1	176275.XP_008602260.1	0.044	0	0	0.595	0.152	0.059	0.155	0.541	0.423
XP_008602918.1	cat-1	176275.XP_008602918.1	176275.XP_008599505.1	0.065	0	0	0	0.138	0.147	0.242	0.060	0.420
XP_008603356.1	his-3	176275.XP_008603356.1	176275.XP_008593635.1	0.311	0	0	0	0.094	0.150	0	0.167	0.498
XP_008603356.1	aro-8	176275.XP_008603356.1	176275.XP_008593713.1	0.073	0	0	0	0.125	0	0.977	0.170	0.982
XP_008603356.1	lys2	176275.XP_008603356.1	176275.XP_008601599.1	0	0	0	0	0.534	0	0	0.060	0.543
YMR226C	carD	176275.XP_008596835.1	176275.XP_008598050.1	0	0	0	0	0.049	0.088	0.383	0	0.418
ZTA1	easA	176275.XP_008602260.1	176275.XP_008595067.1	0.048	0	0	0	0.045	0.058	0	0.426	0.442
acdh-11_1	fox-2	176275.XP_008599108.1	176275.XP_008594676.1	0.058	0	0	0	0.178	0.105	0.233	0.077	0.419
acdh-11_1	mmgB	176275.XP_008599108.1	176275.XP_008595822.1	0.058	0	0	0	0.122	0.149	0.221	0.130	0.436
acdh-11_1	mmgC_1	176275.XP_008599108.1	176275.XP_008598202.1	0	0	0	0	0.130	0.148	0.092	0.325	0.484
alv-1	fap1_6	176275.XP_008597594.1	176275.XP_008593665.1	0.045	0	0	0	0	0	0.966	0.060	0.966
alv-1	fap1_2	176275.XP_008597594.1	176275.XP_008597139.1	0.045	0	0	0	0	0	0.935	0.060	0.936
alv-1	dmg	176275.XP_008597594.1	176275.XP_008597140.1	0	0	0	0	0	0	0.665	0.118	0.691
alv-1	soxA	176275.XP_008597594.1	176275.XP_008603090.1	0.045	0	0	0	0	0	0.665	0.060	0.673
alv-1	dao1	176275.XP_008597594.1	176275.XP_008598969.1	0.045	0	0	0	0.043	0	0.691	0.070	0.702
alv-1	fap1_4	176275.XP_008597594.1	176275.XP_008602062.1	0.045	0	0	0	0	0	0.954	0.060	0.955
alv-1	fap1_1	176275.XP_008597594.1	176275.XP_008602618.1	0.045	0	0	0	0	0	0.969	0.060	0.969
alv-1	fap1_0	176275.XP_008597594.1	176275.XP_008598702.1	0.045	0	0	0	0	0	0.977	0.060	0.977
arg-6_2	his-3	176275.XP_008601296.1	176275.XP_008593635.1	0.163	0	0.297	0	0.437	0	0	0.547	0.829
arh1	his-3	176275.XP_008600134.1	176275.XP_008593635.1	0.401	0	0	0	0.042	0	0	0.073	0.421
arh1	glt1_0	176275.XP_008600134.1	176275.XP_008596092.1	0.246	0	0	0	0.234	0.071	0.624	0.405	0.858
arh1	bphA_1	176275.XP_008600134.1	176275.XP_008601744.1	0.044	0	0	0	0	0	0.355	0.109	0.402
arh1	gtr_1	176275.XP_008600134.1	176275.XP_008602066.1	0.048	0	0	0	0.041	0.082	0.406	0.186	0.520
aro-8	aroM	176275.XP_008593713.1	176275.XP_008599466.1	0.073	0	0	0	0.125	0	0.616	0.170	0.706
aroM	his-3	176275.XP_008599466.1	176275.XP_008593635.1	0.311	0	0	0	0.094	0.150	0	0.167	0.498
ayr1_1	ayr1_2	176275.XP_008596220.1	176275.XP_008599098.1	0	0	0.474	0.866	0	0	0.691	0	0.709
bacC	his-3	176275.XP_008600930.1	176275.XP_008593635.1	0	0	0	0	0.143	0	0	0.358	0.426
betB	pgi-1	176275.XP_008598337.1	176275.XP_008595461.1	0.057	0	0	0	0.140	0.059	0.250	0.256	0.496
betB	mmgB	176275.XP_008598337.1	176275.XP_008595822.1	0	0.061	0	0	0.171	0.149	0.312	0.152	0.543
betB	hxA	176275.XP_008598337.1	176275.XP_008602833.1	0	0	0	0	0.082	0	0.312	0.138	0.408
betB	cat-1	176275.XP_008598337.1	176275.XP_008599505.1	0	0	0	0	0.094	0.152	0.224	0.185	0.449
caf5_1	cys-9	176275.XP_008600209.1	176275.XP_008593640.1	0	0	0	0	0.089	0.095	0	0.368	0.433
carD	mmgB	176275.XP_008598050.1	176275.XP_008595822.1	0	0.002	0	0	0.052	0.103	0.395	0.073	0.459
carD	glt1_0	176275.XP_008598050.1	176275.XP_008596092.1	0.047	0	0	0	0	0	0.594	0.072	0.609
carD	cat-1	176275.XP_008598050.1	176275.XP_008599505.1	0	0	0	0	0.054	0.146	0.249	0.188	0.441
carD	hxA	176275.XP_008598050.1	176275.XP_008602833.1	0	0	0	0	0.043	0	0.395	0.360	0.597
cat-1	cys-9	176275.XP_008599505.1	176275.XP_008593640.1	0	0	0	0	0.188	0.099	0	0.575	0.661
cat-1	fox-2	176275.XP_008599505.1	176275.XP_008594676.1	0	0	0	0	0.172	0.094	0.410	0.348	0.672
cat-1	cprA	176275.XP_008599505.1	176275.XP_008597721.1	0	0	0	0	0	0	0.416	0.119	0.463
cat-1	mmgC_1	176275.XP_008599505.1	176275.XP_008598202.1	0.047	0	0	0	0.119	0.148	0.200	0.175	0.441
cat-1	dao1	176275.XP_008599505.1	176275.XP_008598969.1	0.047	0	0	0	0	0	0.347	0.145	0.421
cat-1	soxA	176275.XP_008599505.1	176275.XP_008603090.1	0.047	0	0	0	0.041	0	0.406	0.060	0.421
cat-1	gtr_1	176275.XP_008599505.1	176275.XP_008602066.1	0	0	0	0	0.178	0.151	0	0.604	0.699
cat-1	katG	176275.XP_008599505.1	176275.XP_008602657.1	0.055	0	0	0	0	0	0.961	0.485	0.979
cprA	ordA_0	176275.XP_008597721.1	176275.XP_008594556.1	0	0	0	0	0	0.128	0.202	0.230	0.417
cprA	fox-2	176275.XP_008597721.1	176275.XP_008594676.1	0.050	0	0	0	0.050	0	0.419	0	0.429
cprA	ordA_2	176275.XP_008597721.1	176275.XP_008603092.1	0	0	0	0	0	0.128	0.202	0.230	0.417
cprA	ero-1	176275.XP_008597721.1	176275.XP_008601193.1	0	0	0	0	0	0	0	0.486	0.485
cys-9	gtr_1	176275.XP_008593640.1	176275.XP_008602066.1	0.083	0	0	0	0.534	0.210	0.176	0.839	0.947
dao1	fap1_2	176275.XP_008598969.1	176275.XP_008597139.1	0	0	0	0	0.045	0	0.386	0.110	0.432
dao1	dmg	176275.XP_008598969.1	176275.XP_008597140.1	0.060	0	0	0	0.042	0.148	0.312	0.089	0.431
dao1	fap1_0	176275.XP_008598969.1	176275.XP_008598702.1	0	0	0	0	0.045	0	0.691	0.110	0.714
dao1	soxA	176275.XP_008598969.1	176275.XP_008603090.1	0	0	0	0	0.045	0	0.361	0.110	0.409
dao1	fap1_4	176275.XP_008598969.1	176275.XP_008602062.1	0	0	0	0	0.045	0	0.587	0.110	0.618
dao1	fap1_1	176275.XP_008598969.1	176275.XP_008602618.1	0	0	0	0	0.045	0	0.594	0.110	0.624
dmg	fap1_6	176275.XP_008597140.1	176275.XP_008593665.1	0.060	0	0	0	0.049	0.148	0.966	0.089	0.972
dmg	glt1_0	176275.XP_008597140.1	176275.XP_008596092.1	0.085	0	0	0	0.096	0	0.286	0.265	0.507
dmg	gtr_1	176275.XP_008597140.1	176275.XP_008602066.1	0.154	0	0	0	0.087	0.107	0.482	0.210	0.666
dmg	soxA	176275.XP_008597140.1	176275.XP_008603090.1	0.060	0	0	0	0.054	0.148	0.680	0.261	0.788
dmg	fap1_4	176275.XP_008597140.1	176275.XP_008602062.1	0.060	0	0	0	0.049	0.148	0.940	0.089	0.950
dmg	fap1_1	176275.XP_008597140.1	176275.XP_008602618.1	0.060	0	0	0	0.049	0.148	0.968	0.089	0.973
dmg	fap1_0	176275.XP_008597140.1	176275.XP_008598702.1	0.060	0	0	0	0.049	0.148	0.977	0.089	0.981
easA	yfmJ	176275.XP_008595067.1	176275.XP_008594047.1	0.093	0	0	0	0.184	0.058	0	0.292	0.440
easA	gtr_1	176275.XP_008595067.1	176275.XP_008602066.1	0	0	0	0	0.168	0	0.076	0.381	0.482
easA	osm1	176275.XP_008595067.1	176275.XP_008598650.1	0.134	0.477	0	0	0.041	0	0.147	0.041	0.580
ero-1	osm1	176275.XP_008601193.1	176275.XP_008598650.1	0	0	0	0	0.050	0.086	0.089	0.396	0.458
ero-1	ost3	176275.XP_008601193.1	176275.XP_008600267.1	0	0	0	0	0	0.119	0	0.521	0.559
ero-1	gtr_1	176275.XP_008601193.1	176275.XP_008602066.1	0	0	0	0	0.041	0	0	0.533	0.533
fap1_6	soxA	176275.XP_008593665.1	176275.XP_008603090.1	0	0	0.430	0.594	0	0	0.312	0	0.425
fox-2	rhlG_2	176275.XP_008594676.1	176275.XP_008594185.1	0.046	0	0	0.608	0.234	0.083	0.206	0.097	0.410
fox-2	soxA	176275.XP_008594676.1	176275.XP_008603090.1	0	0	0	0	0.049	0	0.417	0.152	0.488
fox-2	mmgC_1	176275.XP_008594676.1	176275.XP_008598202.1	0.061	0	0	0	0.236	0.105	0.233	0.127	0.491
fox-2	osm1	176275.XP_008594676.1	176275.XP_008598650.1	0.072	0	0	0	0.554	0	0	0.060	0.576
fox-2	mmgB	176275.XP_008594676.1	176275.XP_008595822.1	0.086	0	0	0	0.152	0.074	0.259	0.409	0.628
glt1_0	his-3	176275.XP_008596092.1	176275.XP_008593635.1	0.423	0	0	0	0.043	0	0	0.269	0.561
glt1_0	lys12	176275.XP_008596092.1	176275.XP_008594925.1	0.089	0	0	0	0.130	0	0.461	0.251	0.637
gtr_1	yfmJ	176275.XP_008602066.1	176275.XP_008594047.1	0	0	0	0	0.135	0	0	0.352	0.415
gtr_1	lys12	176275.XP_008602066.1	176275.XP_008594925.1	0.074	0	0	0	0.118	0.123	0.388	0.116	0.541
gtr_1	pgi-1	176275.XP_008602066.1	176275.XP_008595461.1	0.185	0	0	0	0.053	0	0.244	0.325	0.553
gtr_1	ifcA	176275.XP_008602066.1	176275.XP_008596746.1	0.091	0	0	0	0.172	0.127	0.248	0.134	0.494
gtr_1	mmgC_1	176275.XP_008602066.1	176275.XP_008598202.1	0.159	0	0	0	0.050	0.058	0.237	0.159	0.429
gtr_1	osm1	176275.XP_008602066.1	176275.XP_008598650.1	0.189	0	0	0	0.173	0.127	0.248	0.271	0.620
his-3	tenS	176275.XP_008593635.1	176275.XP_008600657.1	0	0	0	0	0.143	0	0	0.358	0.426
his-3	metE_1	176275.XP_008593635.1	176275.XP_008595478.1	0.087	0	0	0	0	0	0	0.604	0.622
his-3	lys12	176275.XP_008593635.1	176275.XP_008594925.1	0.179	0	0	0	0.473	0	0	0.549	0.787
his-3	ilv-2	176275.XP_008593635.1	176275.XP_008597984.1	0.303	0	0	0	0.044	0	0	0.719	0.796
his-3	lys2	176275.XP_008593635.1	176275.XP_008601599.1	0	0	0	0	0.530	0	0	0.759	0.881
his-3	hts1	176275.XP_008593635.1	176275.XP_008594301.1	0.389	0	0	0	0.073	0	0.907	0.601	0.976
his-3	his3	176275.XP_008593635.1	176275.XP_008594658.1	0.428	0.869	0.422	0	0.996	0.059	0.931	0.911	0.999
his3	ilv-2	176275.XP_008594658.1	176275.XP_008597984.1	0	0	0	0	0	0	0	0.403	0.403
his3	katG	176275.XP_008594658.1	176275.XP_008602657.1	0.054	0	0	0	0	0	0.977	0	0.977
hts1	trz1	176275.XP_008594301.1	176275.XP_008603111.1	0	0	0	0	0.107	0.149	0	0.636	0.699
hxA	pdxH	176275.XP_008602833.1	176275.XP_008594929.1	0	0	0	0	0	0	0.665	0.090	0.682
hxA	mmgB	176275.XP_008602833.1	176275.XP_008595822.1	0	0	0	0	0	0	0.665	0.041	0.665
hxA	mmgC_1	176275.XP_008602833.1	176275.XP_008598202.1	0	0	0	0	0.074	0	0.375	0.122	0.447
ilv-2	lys12	176275.XP_008597984.1	176275.XP_008594925.1	0.137	0	0	0	0.189	0	0.230	0.176	0.496
lys12	lys2	176275.XP_008594925.1	176275.XP_008601599.1	0	0	0	0	0.203	0	0	0.713	0.761
lys2	metE_1	176275.XP_008601599.1	176275.XP_008595478.1	0	0	0	0	0.049	0	0.062	0.570	0.582
mmgB	mmgC_1	176275.XP_008595822.1	176275.XP_008598202.1	0.058	0	0.208	0	0.175	0.105	0.280	0.224	0.620
tenC	tenS	176275.XP_008600656.1	176275.XP_008600657.1	0.049	0	0	0	0	0	0.262	0.268	0.441
